"","x"
"V11",-79.3831843
"V12",-122.0651819
"V13",-79.0849436
"V14",-106.346771
"V15",-77.1527578
"V16",-72.9278835
"V17",-81.9320482
"V18",39.2375507
"V19",-95.712891
"V110",-80.8486846
"V111",-94.7335709
"V112",-115.1398296
"V113",-94.1632404
"V114",-115.1398296
"V115",-97.6744838
"V116",-83.555212
"V117",-80.0997657
"V118",-117.9389526
"V119",-77.0368707
"V120",-93.2009998
"V121",-74.2179326
"V122",-77.0368707
"V123",-74.0059728
"V124",-84.3879824
"V125",-95.3698028
"V126",-84.3879824
"V127",-79.6903316
"V128",-79.3831843
"V129",35.243322
"V130",-91.9876419
"V131",-71.9617688
"V132",-83.9207392
"V133",-93.6091064
"V134",-95.712891
"V135",-96.6705503
"V136",-93.9993996
"V137",-104.990251
"V138",-89.3985283
"V139",-95.0431997
"V140",-115.4733551
"V141",-77.4291005
"V142",-111.8723896
"V143",-84.3879824
"V144",-84.2807329
"V145",46.6789229
"V146",-119.4179324
"V147",-73.955995
"V148",133.775136
"V149",-71.5723953
"V150",-86.1349019
"V151",-77.0368707
"V152",-115.1175013
"V153",-115.1398296
"V154",-93.0899578
"V155",-111.9260519
"V156",-71.0588801
"V157",-77.1710914
"V158",-88.2247031
"V159",-115.1398296
"V160",-74.0059728
"V161",-95.9979883
"V162",-88.7878678
"V163",-92.7232456
"V164",-116.419389
"V165",-97.394463
"V166",-87.6297982
"V167",-87.6297982
"V168",-89.8070097
"V169",-77.0947092
"V170",-97.7430608
"V171",-70.162651
"V172",-120.6412827
"V173",-74.2401609
"V174",-91.9623327
"V175",-79.3831843
"V176",-115.1398296
"V177",-99.9018131
"V178",-77.026088
"V179",-74.0059728
"V180",-75.977985
"V181",-81.2058208
"V182",-114.0708459
"V183",106.7853922
"V184",-77.0368707
"V185",-79.3831843
"V186",-122.3320708
"V187",-122.1817252
"V188",-74.0059728
"V189",-96.8236116
"V190",-82.9987942
"V191",-121.1930041
"V192",-77.026088
"V193",-77.0368707
"V194",0.290472
"V195",-71.1097335
"V196",-73.7867428
"V197",-79.3831843
"V198",-104.990251
"V199",-71.0588801
"V1100",-68.6719411
"V1101",-117.1610838
"V1102",106.9340133
"V1103",-79.3831843
"V1104",-80.0942087
"V1105",-80.0942087
"V1106",-122.6059582
"V1107",-75.1969346
"V1108",-106.346771
"V1109",-86.5263879
"V1110",-3.7849057
"V1111",-82.907123
"V1112",-73.9441579
"V1113",-75.6971931
"V1114",-122.4014193
"V1115",-82.3940104
"V1116",-82.3940104
"V1117",-86.8897655
"V1118",-95.712891
"V1119",-82.907123
"V1120",-74.7801645
"V1121",-77.0368707
"V1122",-115.1398296
"V1123",-93.0899578
"V1124",-99.9018131
"V1125",37.6172999
"V1126",-77.0368707
"V1127",-118.1084392
"V1128",-77.0368707
"V1129",-77.0368707
"V1130",-69.4454689
"V1131",-122.4077498
"V1132",-77.1527578
"V1133",-95.6937856
"V1134",-122.4194155
"V1135",-0.1477681
"V1136",-122.2913078
"V1137",-72.9278835
"V1138",34.851612
"V1139",-74.0059728
"V1140",-84.6330115
"V1141",-74.0059728
"V1142",-78.866111
"V1143",-97.4107128
"V1144",-74.0059728
"V1145",-74.0059728
"V1146",-75.085295
"V1147",-96.7969879
"V1148",-87.1386067
"V1149",-97.092877
"V1150",-118.2436849
"V1151",-84.3879824
"V1152",-79.3831843
"V1153",-85.6811017
"V1154",-89.9751266
"V1155",-81.7981908
"V1156",-71.4128343
"V1157",-82.9376804
"V1158",-82.0131924
"V1159",-79.4084652
"V1160",-81.2452768
"V1161",-95.971261
"V1162",-84.5120196
"V1163",-78.6381787
"V1164",-106.346771
"V1165",74.3587473
"V1166",-84.2807329
"V1167",-75.6971931
"V1168",-100.4602762
"V1169",-79.8744836
"V1170",-79.0192997
"V1171",-86.456138
"V1172",-82.9987942
"V1173",-94.0138393
"V1174",-118.6284245
"V1175",-77.042754
"V1176",-80.1917902
"V1177",-71.1097335
"V1178",-77.0368707
"V1179",-77.0368707
"V1180",-123.8052935
"V1181",-86.730953
"V1182",-78.6568942
"V1183",-94.846681
"V1184",3.876716
"V1185",-101.677883
"V1186",-66.4619164
"V1187",-84.4643744
"V1188",-74.0059728
"V1189",-73.9441579
"V1190",-90.231657
"V1191",-71.4774291
"V1192",-79.9310512
"V1193",-115.1398296
"V1194",-111.8991668
"V1195",25.7481511
"V1196",-95.4112203
"V1197",-115.1398296
"V1198",46.6752957
"V1199",-2.970721
"V1200",-95.712891
"V1201",-4.2026458
"V1202",-2.58791
"V1203",-95.712891
"V1204",16.3738189
"V1205",-86.5804473
"V1206",-74.0059728
"V1207",-88.5820107
"V1208",-74.0059728
"V1209",-115.1398296
"V1210",-106.0036556
"V1211",-115.1398296
"V1212",-117.1610838
"V1213",-1.1743197
"V1214",47.9812152
"V1215",5.2057909
"V1216",-115.1398296
"V1217",-84.1916069
"V1218",-74.8069813
"V1219",-84.3879824
"V1220",-98.7623874
"V1221",-119.4179324
"V1222",-97.5164276
"V1223",133.775136
"V1224",-87.6297982
"V1225",-93.0537839
"V1226",-95.712891
"V1227",-70.6085886
"V1228",-82.9987942
"V1229",-80.3553302
"V1230",-74.6672226
"V1231",-115.1398296
"V1232",-115.1398296
"V1233",-79.3831843
"V1234",-95.712891
"V1235",-97.092877
"V1236",101.686855
"V1237",-95.712891
"V1238",-122.2913078
"V1239",39.2083284
"V1240",-121.4943996
"V1241",-80.3553302
"V1242",-77.0368707
"V1243",-74.0059728
"V1244",-85.323214
"V1245",-121.9780153
"V1246",-106.346771
"V1247",-79.9958864
"V1248",-87.6297982
"V1249",-93.2650108
"V1250",-76.8720961
"V1251",-84.3879824
"V1252",-95.712891
"V1253",-115.1398296
"V1254",-115.1398296
"V1255",-118.2436849
"V1256",-71.0588801
"V1257",-111.8910474
"V1258",-96.8236116
"V1259",-77.5425986
"V1260",42.7378758
"V1261",-77.0368707
"V1262",-97.5164276
"V1263",-77.0368707
"V1264",-117.1610838
"V1265",-122.0651819
"V1266",-93.097702
"V1267",-76.915807
"V1268",-79.3831843
"V1269",-75.5276699
"V1270",80.256307
"V1271",-75.6971931
"V1272",-103.6238367
"V1273",-103.7999509
"V1274",-74.0059728
"V1275",-74.0059728
"V1276",-122.2913078
"V1277",-87.5286325
"V1278",-96.126019
"V1279",-77.2013705
"V1280",-93.0899578
"V1281",12.5683372
"V1282",-95.712891
"V1283",-97.8019515
"V1284",-85.6023643
"V1285",-77.0368707
"V1286",-81.3792365
"V1287",-77.0368707
"V1288",-122.0307963
"V1289",-81.1637245
"V1290",-77.0368707
"V1291",-99.9018131
"V1292",-95.712891
"V1293",-71.3161718
"V1294",-76.6412712
"V1295",-77.0368707
"V1296",-80.085059
"V1297",-87.6297982
"V1298",-83.8305144
"V1299",-94.8191285
"V1300",-99.9018131
"V1301",-120.5542012
"V1302",-77.0368707
"V1303",-78.7030721
"V1304",-117.1610838
"V1305",-0.635502
"V1306",-95.3698028
"V1307",-81.5157535
"V1308",-117.0841955
"V1309",-81.3792365
"V1310",-98.4842465
"V1311",-77.1945247
"V1312",-3.435973
"V1313",-147.7163888
"V1314",-116.419389
"V1315",-95.712891
"V1316",-100.3161126
"V1317",-83.5101638
"V1318",-75.1652215
"V1319",-117.2728752
"V1320",-76.6412712
"V1321",-94.5785667
"V1322",-117.4260465
"V1323",-84.3879824
"V1324",-71.4372796
"V1325",-118.2436849
"V1326",-95.712891
"V1327",-92.1974065
"V1328",-112.0740373
"V1329",-93.2650108
"V1330",-95.712891
"V1331",-112.4069754
"V1332",-82.4734787
"V1333",-74.924321
"V1334",-74.297333
"V1335",-74.0059728
"V1336",-77.0368707
"V1337",-79.8284258
"V1338",-82.907123
"V1339",-86.902298
"V1340",-76.727745
"V1341",-77.4105409
"V1342",-93.6091064
"V1343",-86.902298
"V1344",-118.1937395
"V1345",-80.100598
"V1346",-95.90194
"V1347",-84.1722394
"V1348",-111.8910474
"V1349",-111.8879909
"V1350",-1.2794744
"V1351",-3.74922
"V1352",-94.9630171
"V1353",-97.5164276
"V1354",-122.9888319
"V1355",-74.0059728
"V1356",-87.5691735
"V1357",-71.5500276
"V1358",-90.230759
"V1359",-106.346771
"V1360",-69.4454689
"V1361",-74.0059728
"V1362",-81.0348144
"V1363",-0.8890853
"V1364",3.3792057
"V1365",-83.2218731
"V1366",0.614665
"V1367",-77.1945247
"V1368",-117.1610966
"V1369",175.6075114
"V1370",-77.026088
"V1371",-82.949305
"V1372",-84.3879824
"V1373",-96.9253004
"V1374",-93.6018389
"V1375",-76.4730122
"V1376",-119.4179324
"V1377",-77.3063733
"V1378",-74.0059728
"V1379",-122.3320708
"V1380",-95.3698028
"V1381",-104.990251
"V1382",-3.74922
"V1383",-94.4155068
"V1384",-77.1945247
"V1385",-75.8813075
"V1386",-71.067605
"V1387",-0.1277583
"V1388",-121.4943996
"V1389",5.1214201
"V1390",-106.346771
"V1391",-87.6297982
"V1392",-97.0969552
"V1393",-99.133208
"V1394",-1.2577263
"V1395",3.3792057
"V1396",-79.6903316
"V1397",-79.9958864
"V1398",-73.9441579
"V1399",-80.1373174
"V1400",-74.0059728
"V1401",-155.6658568
"V1402",-77.1872036
"V1403",-90.0489801
"V1404",-116.3915131
"V1405",-71.5822837
"V1406",-122.435965
"V1407",-89.4012302
"V1408",-88.7878678
"V1409",-71.5723953
"V1410",-87.9064736
"V1411",139.6917064
"V1412",20.5937585
"V1413",16.3738189
"V1414",-86.5804473
"V1415",-81.5157535
"V1416",-87.6956907
"V1417",-74.6049061
"V1418",-84.3879824
"V1419",-105.7820674
"V1420",-106.6055534
"V1421",-79.6903316
"V1422",-73.9867678
"V1423",-85.323214
"V1424",-79.6441198
"V1425",-116.419389
"V1426",-79.4084652
"V1427",-79.3831843
"V1428",-119.4179324
"V1429",-95.712891
"V1430",-118.0954317
"V1431",-77.5574835
"V1432",-89.4012302
"V1433",-118.2436849
"V1434",-95.712891
"V1435",-86.7816016
"V1436",-75.1969346
"V1437",-82.9987942
"V1438",-111.9260519
"V1439",-89.3985283
"V1440",-82.9987942
"V1441",-86.01335
"V1442",-75.6971931
"V1443",-111.8910474
"V1444",-95.712891
"V1445",-85.7584557
"V1446",-84.3879824
"V1447",-81.4403898
"V1448",90.4125181
"V1449",-123.0350963
"V1450",-69.4454689
"V1451",-75.1652215
"V1452",-74.4056612
"V1453",-89.4012302
"V1454",-95.712891
"V1455",-82.907123
"V1456",-88.4153847
"V1457",-79.3462036
"V1458",-118.2436849
"V1459",-83.555212
"V1460",-75.1969346
"V1461",-82.4571776
"V1462",-77.1527578
"V1463",-102.4107493
"V1464",-76.878471
"V1465",-88.7878678
"V1466",-77.0368707
"V1467",-82.907123
"V1468",-77.0947092
"V1469",-85.7824834
"V1470",72.9086129
"V1471",18.0685808
"V1472",-77.0909809
"V1473",-98.8138762
"V1474",-73.567256
"V1475",-74.4056612
"V1476",-77.1945247
"V1477",-77.0368707
"V1478",-83.2841304
"V1479",-97.2736137
"V1480",-73.9712488
"V1481",80.771797
"V1482",-74.0059728
"V1483",-94.7335709
"V1484",-102.4107493
"V1485",-95.712891
"V1486",-71.0588801
"V1487",-95.712891
"V1488",-77.0061218
"V1489",-68.9321185
"V1490",-77.0947092
"V1491",-81.5157535
"V1492",-81.4035059
"V1493",-122.2403966
"V1494",-80.9450759
"V1495",-87.9703461
"V1496",77.5945627
"V1497",-99.9018131
"V1498",-0.1277583
"V1499",-80.2481666
"V1500",-77.0368707
"V1501",-94.5785667
"V1502",-94.4191177
"V1503",-117.1610838
"V1504",-79.3831843
"V1505",-122.4194155
"V1506",-86.902298
"V1507",-118.2436849
"V1508",-99.9018131
"V1509",-86.7816016
"V1510",-73.9441579
"V1511",-80.1917902
"V1512",-121.8863286
"V1513",-74.0059728
"V1514",-74.4056612
"V1515",-74.0059728
"V1516",-78.8783689
"V1517",-74.0059728
"V1518",-95.712891
"V1519",-92.8103551
"V1520",-84.9877094
"V1521",-80.3047846
"V1522",-122.0575434
"V1523",-84.8902382
"V1524",-95.712891
"V1525",-79.9895022
"V1526",-95.712891
"V1527",0.121817
"V1528",-89.9839935
"V1529",2.213749
"V1530",-70.2553259
"V1531",-88.7878678
"V1532",-71.1166601
"V1533",-69.4454689
"V1534",-77.6109219
"V1535",-74.0059728
"V1536",-71.3824374
"V1537",-106.346771
"V1538",-114.0530065
"V1539",-95.712891
"V1540",-77.5275463
"V1541",-73.087749
"V1542",-84.2963123
"V1543",-81.3459405
"V1544",-110.3625658
"V1545",-71.5996137
"V1546",-93.268225
"V1547",-95.3698028
"V1548",-78.5097228
"V1549",-106.0838074
"V1550",-95.712891
"V1551",-71.542969
"V1552",21.824312
"V1553",-84.3640829
"V1554",-72.9278835
"V1555",-80.6081089
"V1556",21.4208895
"V1557",-0.1277583
"V1558",-66.6140616
"V1559",-76.805345
"V1560",9.501785
"V1561",-120.7401385
"V1562",-97.307347
"V1563",-116.419389
"V1564",-118.2436849
"V1565",75.6549706
"V1566",101.686855
"V1567",-149.4936733
"V1568",-112.84184
"V1569",-119.0560102
"V1570",-97.4186899
"V1571",-80.1373174
"V1572",-97.3307658
"V1573",-95.712891
"V1574",-8.017543
"V1575",-86.1349019
"V1576",-97.5154804
"V1577",-85.6023643
"V1578",-95.712891
"V1579",-81.4498717
"V1580",-117.9988026
"V1581",-81.5157535
"V1582",-99.9018131
"V1583",-117.9988026
"V1584",-95.712891
"V1585",-86.1089301
"V1586",-82.7504542
"V1587",-119.4179324
"V1588",-99.9018131
"V1589",-95.712891
"V1590",-94.6707917
"V1591",-89.9106632
"V1592",-73.9712488
"V1593",-77.6109219
"V1594",-77.0368707
"V1595",-122.3320708
"V1596",-83.9811014
"V1597",-95.712891
"V1598",-113.4909267
"V1599",-99.9018131
"V1600",-75.7025628
"V1601",-122.4194155
"V1602",-99.3267702
"V1603",-112.0740373
"V1604",-87.6297982
"V1605",-76.6412712
"V1606",-95.712891
"V1607",-96.5272313
"V1608",-122.3320708
"V1609",-81.5157535
"V1610",-95.712891
"V1611",-95.712891
"V1612",-119.0376023
"V1613",-82.6995443
"V1614",-85.6023643
"V1615",-95.712891
"V1616",-71.2079809
"V1617",-85.323214
"V1618",71.5249154
"V1619",-84.5037164
"V1620",-0.1927892
"V1621",-83.5216897
"V1622",-85.6023643
"V1623",-122.3447964
"V1624",-77.4291298
"V1625",-111.0937311
"V1626",-70.2553259
"V1627",-122.3320708
"V1628",-79.8711024
"V1629",-122.2055884
"V1630",-78.898619
"V1631",-117.9988026
"V1632",-99.9018131
"V1633",-95.712891
"V1634",-86.4808043
"V1635",-76.1474244
"V1636",-81.5157535
"V1637",-85.6206317
"V1638",-74.0059728
"V1639",-94.2816148
"V1640",-80.094621
"V1641",-113.4909267
"V1642",-95.712891
"V1643",-123.2620435
"V1644",-99.9018131
"V1645",-99.133208
"V1646",95.3237559
"V1647",-95.712891
"V1648",103.819836
"V1649",-86.5804473
"V1650",-93.0899578
"V1651",-104.8202462
"V1652",-99.9018131
"V1653",-79.9958864
"V1654",-80.2331036
"V1655",-99.8412125
"V1656",-72.9223431
"V1657",-95.712891
"V1658",-93.2009998
"V1659",-121.7405167
"V1660",-85.5872286
"V1661",-116.2146068
"V1662",-76.6412712
"V1663",-74.4056612
"V1664",-95.7099399
"V1665",-93.2009998
"V1666",-112.0740373
"V1667",-77.0368707
"V1668",-79.0192997
"V1669",10.4508956
"V1670",-66.590149
"V1671",-91.8318334
"V1672",-77.2013705
"V1673",-95.712891
"V1674",-0.1277583
"V1675",-98.2300124
"V1676",-82.907123
"V1677",-8.4115401
"V1678",-95.712891
"V1679",-96.4003069
"V1680",-74.0776417
"V1681",-81.5157535
"V1682",-78.6381787
"V1683",-71.3824374
"V1684",-77.0368707
"V1685",-77.0368707
"V1686",-63.5752387
"V1687",-95.712891
"V1688",-122.272747
"V1689",-95.3698028
"V1690",-119.5184564
"V1691",-77.0368707
"V1692",-77.0368707
"V1693",-84.3879824
"V1694",-95.9979883
"V1695",-99.9018131
"V1696",-121.947311
"V1697",-81.3235459
"V1698",-122.4194155
"V1699",-119.4179324
"V1700",-74.0059728
"V1701",-87.3464271
"V1702",-84.3879824
"V1703",-73.9813041
"V1704",-85.6023643
"V1705",-98.4842465
"V1706",-81.3792365
"V1707",-77.4105409
"V1708",-86.5804473
"V1709",-77.0368707
"V1710",-93.847189
"V1711",-3.188267
"V1712",-85.6023643
"V1713",-79.2317521
"V1714",-70.4442252
"V1715",-78.2566834
"V1716",-79.8711024
"V1717",-82.53795
"V1718",-84.3879824
"V1719",-82.907123
"V1720",-110.966488
"V1721",-149.9002778
"V1722",-95.712891
"V1723",-99.9018131
"V1724",-95.712891
"V1725",-97.092877
"V1726",-121.7405167
"V1727",-1.1743197
"V1728",-73.7948516
"V1729",-85.323214
"V1730",-70.9731602
"V1731",-112.0740373
"V1732",-79.0192997
"V1733",-95.712891
"V1734",-3.4246644
"V1735",-82.9000751
"V1736",-83.9207392
"V1737",-121.4943996
"V1738",-121.4943996
"V1739",46.8568513
"V1740",-122.3320708
"V1741",-83.0363633
"V1742",-81.6911559
"V1743",5.3102505
"V1744",-104.990251
"V1745",-79.0558445
"V1746",-99.9018131
"V1747",-79.6441198
"V1748",-74.0059728
"V1749",-71.0588801
"V1750",-111.3080244
"V1751",-71.0588801
"V1752",-116.2146068
"V1753",-75.6971931
"V1754",-77.4360481
"V1755",-84.264492
"V1756",-71.1061639
"V1757",-80.2481666
"V1758",-79.3831843
"V1759",-82.9987942
"V1760",-121.2880059
"V1761",-104.6188943
"V1762",-71.0588801
"V1763",-119.4179324
"V1764",-74.4056612
"V1765",-77.0368707
"V1766",-121.9780153
"V1767",27.142826
"V1768",-118.2436849
"V1769",-74.0059728
"V1770",-75.4142592
"V1771",-79.0192997
"V1772",-82.9000751
"V1773",-79.3831843
"V1774",-119.1770516
"V1775",79.9438624
"V1776",-71.0588801
"V1777",-77.0909809
"V1778",-94.1023906
"V1779",-0.40965
"V1780",-122.2711137
"V1781",8.227512
"V1782",-95.712891
"V1783",-106.346771
"V1784",-71.0588801
"V1785",-74.0059728
"V1786",-87.6297982
"V1787",-74.307282
"V1788",73.8567437
"V1789",-1.0872979
"V1790",-74.0059728
"V1791",-119.4179324
"V1792",-79.0558445
"V1793",-79.0377388
"V1794",-95.712891
"V1795",-77.0368707
"V1796",-117.1610838
"V1797",-111.8314724
"V1798",-113.4909267
"V1799",-93.2009998
"V1800",-113.5684164
"V1801",-79.0192997
"V1802",-79.3831843
"V1803",-80.2481666
"V1804",-79.0558445
"V1805",-87.8211854
"V1806",-80.2481666
"V1807",-80.2481666
"V1808",-74.0059728
"V1809",-117.8265049
"V1810",-77.0368707
"V1811",-77.7924992
"V1812",-79.0558445
"V1813",-72.6239953
"V1814",-75.7496572
"V1815",-80.2481666
"V1816",-87.6297982
"V1817",-75.6971931
"V1818",-71.9273024
"V1819",-77.0368707
"V1820",-79.3831843
"V1821",-95.3698028
"V1822",-76.8867008
"V1823",-105.2253316
"V1824",-73.8648268
"V1825",-79.9958864
"V1826",-71.0588801
"V1827",-71.8022934
"V1828",10.3279036
"V1829",5.291266
"V1830",-3.188267
"V1831",-118.4109089
"V1832",-86.2353388
"V1833",-81.378447
"V1834",36.8219462
"V1835",-115.1398296
"V1836",138.252924
"V1837",-149.0729714
"V1838",-0.7594171
"V1839",-78.7113269
"V1840",-95.712891
"V1841",-79.8296743
"V1842",-79.4196783
"V1843",-71.102018
"V1844",-74.0059728
"V1845",-79.3831843
"V1846",-122.0651819
"V1847",-74.511172
"V1848",28.2292712
"V1849",-104.8213634
"V1850",-79.6903316
"V1851",133.775136
"V1852",-77.0368707
"V1853",-81.3792365
"V1854",-85.323214
"V1855",18.4240553
"V1856",-1.9927105
"V1857",-3.435973
"V1858",133.775136
"V1859",-76.7074571
"V1860",-122.399961
"V1861",-95.3698028
"V1862",-81.5312701
"V1863",-0.1277583
"V1864",-84.2963123
"V1865",-89.3985283
"V1866",-97.1383744
"V1867",-106.7636538
"V1868",-77.0368707
"V1869",12.3401709
"V1870",-95.712891
"V1871",84.124008
"V1872",-122.4194155
"V1873",-115.1398296
"V1874",-92.3340724
"V1875",-116.5765035
"V1876",-87.6297982
"V1877",-72.8305154
"V1878",-92.5249756
"V1879",-83.8888647
"V1880",-78.1916302
"V1881",-111.0937311
"V1882",-85.6023643
"V1883",-113.4909267
"V1884",-87.6297982
"V1885",-71.3824374
"V1886",-122.4194155
"V1887",-118.2436849
"V1888",-77.4360481
"V1889",-79.8660747
"V1890",-94.5785667
"V1891",-94.8191285
"V1892",-85.6023643
"V1893",-87.6235449
"V1894",-93.6091064
"V1895",-95.712891
"V1896",-119.4179324
"V1897",-93.3788108
"V1898",-79.3831843
"V1899",-81.655651
"V1900",-77.0368707
"V1901",-90.1848103
"V1902",-73.7562317
"V1903",-77.8600012
"V1904",-79.6903316
"V1905",11.0839633
"V1906",-87.6297982
"V1907",-84.2963223
"V1908",-99.9018131
"V1909",-112.0740373
"V1910",-74.4056612
"V1911",-88.7878678
"V1912",-74.5402506
"V1913",-72.6874023
"V1914",-96.7969879
"V1915",-87.9535534
"V1916",-79.3831843
"V1917",-111.8314724
"V1918",-77.297508
"V1919",-79.1525349
"V1920",-3.7037902
"V1921",-111.8910474
"V1922",-77.0368707
"V1923",-104.990251
"V1924",-96.5716694
"V1925",-1.1306544
"V1926",-80.3582261
"V1927",-111.651302
"V1928",-118.3089661
"V1929",-73.1409429
"V1930",-79.6903316
"V1931",-79.6903316
"V1932",149.1300092
"V1933",-113.4909267
"V1934",14.550072
"V1935",-74.0059728
"V1936",-115.1745559
"V1937",-76.6121893
"V1938",-118.3430208
"V1939",-111.9426452
"V1940",-80.2621852
"V1941",-102.552784
"V1942",77.2137665
"V1943",-88.0070315
"V1944",-71.0588801
"V1945",-95.712891
"V1946",-97.7430608
"V1947",-77.0227778
"V1948",24.6044555
"V1949",-94.6858998
"V1950",-82.6716892
"V1951",-74.0059728
"V1952",-71.0588801
"V1953",-84.4159527
"V1954",-74.0059728
"V1955",-105.7820674
"V1956",-76.4921829
"V1957",-79.0558445
"V1958",4.1956212
"V1959",-74.0059728
"V1960",-122.0838511
"V1961",-74.0059728
"V1962",-122.3824209
"V1963",72.492711
"V1964",-73.9599019
"V1965",-77.0368707
"V1966",-78.4766781
"V1967",-115.1745559
"V1968",-77.9841776
"V1969",12.354722
"V1970",-121.4943996
"V1971",-89.4012302
"V1972",-94.2816148
"V1973",-85.5800022
"V1974",-95.9145568
"V1975",-90.5776367
"V1976",-113.7746723
"V1977",-83.6499321
"V1978",-100.0170787
"V1979",-87.4360804
"V1980",-95.712891
"V1981",-81.609844
"V1982",-87.6297982
"V1983",-119.74079
"V1984",-87.6297982
"V1985",-75.1652215
"V1986",-77.0469214
"V1987",-122.7094767
"V1988",-76.6121893
"V1989",-96.3344068
"V1990",-104.990251
"V1991",-87.6297982
"V1992",-93.6091064
"V1993",-73.790959
"V1994",-76.7083033
"V1995",-99.0816784
"V1996",-77.8907839
"V1997",-87.6297982
"V1998",-111.0937311
"V1999",-122.3320708
"V11000",-77.0368707
"V11001",-95.712891
"V11002",-116.5765035
"V11003",-79.3831843
"V11004",-94.6858998
"V11005",-78.4766781
"V11006",-76.6121893
"V11007",-96.6851982
"V11008",-77.0368707
"V11009",-122.6764815
"V11010",-97.3307658
"V11011",-81.2452768
"V11012",15.2551187
"V11013",-80.1050604
"V11014",-93.097702
"V11015",-119.8138027
"V11016",-77.1527578
"V11017",-122.3320708
"V11018",122.1973081
"V11019",-87.6297982
"V11020",-81.1637245
"V11021",-85.6680863
"V11022",-82.3248262
"V11023",-95.712891
"V11024",176.3689844
"V11025",-80.4831917
"V11026",-89.6501481
"V11027",150.45
"V11028",-87.9064736
"V11029",-88.7323272
"V11030",-87.9064736
"V11031",-79.6903316
"V11032",-81.2452768
"V11033",-0.7594171
"V11034",2.1734035
"V11035",-73.8583806
"V11036",-87.6297982
"V11037",133.775136
"V11038",-8.6291053
"V11039",144.9630576
"V11040",133.775136
"V11041",-7.6920536
"V11042",-87.6297982
"V11043",-102.4107493
"V11044",-102.4107493
"V11045",-80.3144276
"V11046",-118.2436849
"V11047",-123.8264512
"V11048",-82.907123
"V11049",-105.2705456
"V11050",-95.712891
"V11051",-77.4105409
"V11052",-84.3879824
"V11053",-93.097702
"V11054",133.775136
"V11055",-77.1945247
"V11056",-0.1277583
"V11057",-83.1352843
"V11058",-78.458708
"V11059",-95.712891
"V11060",-98.4936282
"V11061",-91.8318334
"V11062",-91.8723497
"V11063",-98.4842465
"V11064",-2.518727
"V11065",-74.0059728
"V11066",-95.3698028
"V11067",-88.2433829
"V11068",-74.0059728
"V11069",-95.3698028
"V11070",-111.8910474
"V11071",-77.0441143
"V11072",-77.7199932
"V11073",-79.8711024
"V11074",-3.60512
"V11075",-95.762766
"V11076",-95.712891
"V11077",-118.2436849
"V11078",-95.712891
"V11079",-95.0949303
"V11080",-111.8910474
"V11081",-94.6858998
"V11082",-94.6858998
"V11083",-76.6127329
"V11084",-74.417097
"V11085",-75.6971931
"V11086",-93.4687489
"V11087",-82.3641751
"V11088",-93.6001278
"V11089",-83.9207392
"V11090",-76.6121893
"V11091",-74.0059728
"V11092",-99.9018131
"V11093",-72.9278835
"V11094",-119.4179324
"V11095",-94.5785667
"V11096",-71.0588801
"V11097",-95.712891
"V11098",-122.3320708
"V11099",-74.0059728
"V11100",-78.951451
"V11101",-77.0368707
"V11102",-118.1961686
"V11103",-74.0059728
"V11104",-79.3831843
"V11105",-84.2700179
"V11106",-79.6903316
"V11107",-80.7471651
"V11108",-95.712891
"V11109",-72.589811
"V11110",-80.4234167
"V11111",-74.4518188
"V11112",-77.0368707
"V11113",2.7753408
"V11114",-86.9833417
"V11115",-97.6762716
"V11116",-99.9018131
"V11117",-84.3879824
"V11118",-75.1652215
"V11119",-106.4850217
"V11120",-102.552784
"V11121",-79.7919754
"V11122",-122.3320708
"V11123",-75.1652215
"V11124",-97.7430608
"V11125",-74.1502007
"V11126",-84.086601
"V11127",-88.7878678
"V11128",-95.3698028
"V11129",-120.7401385
"V11130",-74.4056612
"V11131",-54.6103488
"V11132",-63.5752387
"V11133",-94.5700048
"V11134",-95.712891
"V11135",-85.6023643
"V11136",-75.7241006
"V11137",-94.1736551
"V11138",-118.2436849
"V11139",-95.4787929
"V11140",-122.3320708
"V11141",-88.0118473
"V11142",-76.4730122
"V11143",-95.712891
"V11144",-93.2650108
"V11145",-83.860493
"V11146",-95.3900419
"V11147",-74.0059728
"V11148",-91.8318334
"V11149",-74.0059728
"V11150",-88.7878678
"V11151",-84.5120196
"V11152",-79.3831843
"V11153",-82.907123
"V11154",-94.5785667
"V11155",-15.5474373
"V11156",-105.2551187
"V11157",-79.9958864
"V11158",8.227512
"V11159",-74.4056612
"V11160",-78.6568942
"V11161",133.775136
"V11162",-118.2436849
"V11163",-79.6903316
"V11164",-79.7990319
"V11165",-79.3831843
"V11166",-79.6735841
"V11167",-78.1677363
"V11168",-94.5785667
"V11169",-82.3248262
"V11170",-89.3985283
"V11171",-82.9987942
"V11172",-80.1386547
"V11173",-118.2436849
"V11174",-115.1398296
"V11175",-74.0059728
"V11176",-89.4012302
"V11177",-106.6055534
"V11178",-109.7869527
"V11179",-77.0368707
"V11180",-111.880771
"V11181",-122.2711137
"V11182",-97.4394777
"V11183",-97.4107128
"V11184",-94.1718542
"V11185",-82.445154
"V11186",-91.9623327
"V11187",-95.712891
"V11188",-119.4179324
"V11189",-75.1652215
"V11190",-106.346771
"V11191",-80.097349
"V11192",-74.4518188
"V11193",-81.5157535
"V11194",-79.9958864
"V11195",-119.4179324
"V11196",-95.712891
"V11197",-86.155901
"V11198",-124.4148241
"V11199",-120.8958242
"V11200",-77.0368707
"V11201",-77.4360481
"V11202",-93.0899578
"V11203",-106.2800242
"V11204",-95.712891
"V11205",46.6752957
"V11206",-121.4943996
"V11207",-94.5785667
"V11208",-122.5210007
"V11209",-79.3831843
"V11210",-118.2436849
"V11211",-93.2650108
"V11212",-77.0368707
"V11213",-82.907123
"V11214",-84.3879824
"V11215",-4.4213988
"V11216",-96.9292104
"V11217",43.679291
"V11218",-87.6297982
"V11219",-88.0834059
"V11220",-82.4571776
"V11221",-86.1349019
"V11222",-71.5723953
"V11223",-95.712891
"V11224",-87.6297982
"V11225",-106.2800242
"V11226",-75.3076883
"V11227",-85.3096801
"V11228",12.56738
"V11229",144.9630576
"V11230",-3.1672365
"V11231",-81.5157535
"V11232",-95.712891
"V11233",-95.4884746
"V11234",-75.1652215
"V11235",-90.1994042
"V11236",-79.6903316
"V11237",-118.2436849
"V11238",-118.2436849
"V11239",-104.990251
"V11240",-111.9400054
"V11241",2.2544335
"V11242",-122.8037102
"V11243",-122.2913078
"V11244",-96.7969879
"V11245",-122.3320708
"V11246",-74.0059728
"V11247",-99.9018131
"V11248",-118.2436849
"V11249",-0.1923088
"V11250",-0.1923088
"V11251",-0.174936
"V11252",-87.6297982
"V11253",-95.90194
"V11254",77.2090212
"V11255",-94.6707917
"V11256",-111.9880199
"V11257",-118.2436849
"V11258",-90.0489801
"V11259",-71.0588801
"V11260",-91.8318334
"V11261",-86.80249
"V11262",121.4737021
"V11263",-119.5588208
"V11264",-117.8311428
"V11265",-97.7430608
"V11266",-79.0192997
"V11267",-80.8431267
"V11268",-87.9497102
"V11269",-71.0588801
"V11270",-75.1567883
"V11271",-89.9839935
"V11272",-98.3420118
"V11273",-72.9278835
"V11274",-77.2651592
"V11275",-118.2436849
"V11276",-86.8099885
"V11277",-97.7430608
"V11278",-82.34082
"V11279",-95.3698028
"V11280",-72.9492703
"V11281",-111.8910474
"V11282",-94.6858998
"V11283",-118.2436849
"V11284",-99.9018131
"V11285",-87.9064736
"V11286",-89.3985283
"V11287",-122.4194155
"V11288",-79.0192997
"V11289",-98.4936282
"V11290",-117.1610838
"V11291",-84.2700179
"V11292",-105.0874842
"V11293",-96.4003069
"V11294",-96.4003069
"V11295",-119.4179324
"V11296",-91.9623327
"V11297",-79.3831843
"V11298",-70.6692655
"V11299",-76.5660529
"V11300",-74.0059728
"V11301",-120.5542012
"V11302",-94.8858492
"V11303",139.6917064
"V11304",-122.406257
"V11305",-95.712891
"V11306",-93.2650108
"V11307",-81.7981908
"V11308",-63.5916555
"V11309",-96.7311034
"V11310",-79.7919754
"V11311",-82.4571776
"V11312",-98.4864829
"V11313",-73.8648268
"V21",43.653226
"V22",37.9100783
"V23",43.0895577
"V24",56.130366
"V25",39.0839973
"V26",41.308274
"V27",34.9495672
"V28",21.2854067
"V29",37.09024
"V210",35.4993031
"V211",38.9536174
"V212",36.1699412
"V213",45.5579451
"V214",36.1699412
"V215",38.5736176
"V216",41.6639383
"V217",26.3184123
"V218",34.0686208
"V219",38.9071923
"V220",44.9374831
"V221",43.2994285
"V222",38.9071923
"V223",40.7127753
"V224",33.7489954
"V225",29.7604267
"V226",33.7489954
"V227",44.3893556
"V228",43.653226
"V229",38.963745
"V230",30.1644657
"V231",41.3934144
"V232",35.9606384
"V233",41.6005448
"V234",37.09024
"V235",33.1031744
"V236",44.1635775
"V237",39.7392358
"V238",40.6331249
"V239",40.7234542
"V240",35.0109911
"V241",39.4352789
"V242",40.6685393
"V243",33.7489954
"V244",30.4382559
"V245",24.6702825
"V246",36.778261
"V247",40.719283
"V248",-25.274398
"V249",43.1938516
"V250",40.2671941
"V251",38.9071923
"V252",36.1988592
"V253",36.1699412
"V254",44.9537029
"V255",33.4941704
"V256",42.3600825
"V257",38.882334
"V258",43.0559571
"V259",36.1699412
"V260",40.7127753
"V261",41.2523634
"V262",43.7844397
"V263",41.7434092
"V264",38.8026097
"V265",32.7770737
"V266",41.8781136
"V267",41.8781136
"V268",44.4956482
"V269",38.984652
"V270",30.267153
"V271",18.735693
"V272",35.1427533
"V273",40.8298006
"V274",30.9842977
"V275",43.653226
"V276",36.1699412
"V277",31.9685988
"V278",38.9906657
"V279",40.7127753
"V280",36.8529263
"V281",28.6131122
"V282",51.0486151
"V283",-6.1138942
"V284",38.9071923
"V285",43.653226
"V286",47.6062095
"V287",37.4529598
"V288",40.7127753
"V289",33.1506744
"V290",39.9611755
"V291",38.8212889
"V292",38.9906657
"V293",38.9071923
"V294",50.768035
"V295",42.3736158
"V296",43.0829453
"V297",43.653226
"V298",39.7392358
"V299",42.3600825
"V2100",44.8831125
"V2101",32.715738
"V2102",-6.3959549
"V2103",43.653226
"V2104",26.9342246
"V2105",26.9342246
"V2106",46.9420431
"V2107",39.8422093
"V2108",56.130366
"V2109",39.7606013
"V2110",37.7795941
"V2111",40.4172871
"V2112",40.6781784
"V2113",45.4215296
"V2114",37.4337342
"V2115",34.8526176
"V2116",34.8526176
"V2117",40.4175762
"V2118",37.09024
"V2119",40.4172871
"V2120",40.7859331
"V2121",38.9071923
"V2122",36.1699412
"V2123",44.9537029
"V2124",31.9685988
"V2125",55.755826
"V2126",38.9071923
"V2127",34.0959769
"V2128",38.9071923
"V2129",38.9071923
"V2130",45.253783
"V2131",37.654656
"V2132",39.0839973
"V2133",29.9716905
"V2134",37.7749295
"V2135",51.5070995
"V2136",37.8271784
"V2137",41.308274
"V2138",31.046051
"V2139",40.7127753
"V2140",40.1028264
"V2141",40.7127753
"V2142",43.077222
"V2143",35.463494
"V2144",40.7127753
"V2145",40.7127753
"V2146",40.010837
"V2147",32.7766642
"V2148",32.9445682
"V2149",35.0077519
"V2150",34.0522342
"V2151",33.7489954
"V2152",43.653226
"V2153",42.9851272
"V2154",35.1299623
"V2155",41.4819932
"V2156",41.8239891
"V2157",39.9689532
"V2158",39.9403453
"V2159",45.1841122
"V2160",42.9849233
"V2161",36.153315
"V2162",39.1031182
"V2163",35.7795897
"V2164",56.130366
"V2165",31.5203696
"V2166",30.4382559
"V2167",45.4215296
"V2168",31.4382686
"V2169",44.5130038
"V2170",35.7595731
"V2171",36.9853543
"V2172",39.9611755
"V2173",41.3308237
"V2174",35.1591307
"V2175",-12.0463731
"V2176",25.7616798
"V2177",42.3736158
"V2178",38.9071923
"V2179",38.9071923
"V2180",39.445723
"V2181",36.214796
"V2182",37.4315734
"V2183",39.7674578
"V2184",43.610769
"V2185",21.1227621
"V2186",46.5653163
"V2187",33.8648262
"V2188",40.7127753
"V2189",40.6781784
"V2190",38.640288
"V2191",41.5800945
"V2192",32.7764749
"V2193",36.1699412
"V2194",50.5659752
"V2195",61.92411
"V2196",37.3456569
"V2197",36.1699412
"V2198",24.7135517
"V2199",56.462018
"V2200",37.09024
"V2201",56.4906712
"V2202",51.454513
"V2203",37.09024
"V2204",48.2081743
"V2205",35.5174913
"V2206",40.7127753
"V2207",39.2953618
"V2208",40.7127753
"V2209",36.1699412
"V2210",35.6947696
"V2211",36.1699412
"V2212",32.715738
"V2213",52.3555177
"V2214",29.3342457
"V2215",7.2571325
"V2216",36.1699412
"V2217",39.7589478
"V2218",11.0041072
"V2219",33.7489954
"V2220",20.0910963
"V2221",36.778261
"V2222",35.4675602
"V2223",-25.274398
"V2224",41.8781136
"V2225",34.1209292
"V2226",37.09024
"V2227",41.5532208
"V2228",39.9611755
"V2229",25.8195424
"V2230",40.3572976
"V2231",36.1699412
"V2232",36.1699412
"V2233",43.653226
"V2234",37.09024
"V2235",35.0077519
"V2236",3.139003
"V2237",37.09024
"V2238",37.8271784
"V2239",-6.792354
"V2240",38.5815719
"V2241",25.8195424
"V2242",38.9071923
"V2243",40.7127753
"V2244",51.253775
"V2245",37.7799273
"V2246",56.130366
"V2247",40.4406248
"V2248",41.8781136
"V2249",44.977753
"V2250",38.7849211
"V2251",33.7489954
"V2252",37.09024
"V2253",36.1699412
"V2254",36.1699412
"V2255",34.0522342
"V2256",42.3600825
"V2257",40.7607793
"V2258",33.1506744
"V2259",39.8406628
"V2260",18.3027447
"V2261",38.9071923
"V2262",35.4675602
"V2263",38.9071923
"V2264",32.715738
"V2265",37.9100783
"V2266",41.8780025
"V2267",38.928167
"V2268",43.653226
"V2269",38.9108325
"V2270",13.056322
"V2271",45.4215296
"V2272",40.2588686
"V2273",40.2502582
"V2274",40.7127753
"V2275",40.7127753
"V2276",37.8271784
"V2277",38.677269
"V2278",41.183578
"V2279",39.1434406
"V2280",44.9537029
"V2281",55.6760968
"V2282",37.09024
"V2283",30.2979843
"V2284",44.3148443
"V2285",38.9071923
"V2286",28.5383355
"V2287",38.9071923
"V2288",36.9741171
"V2289",33.836081
"V2290",38.9071923
"V2291",31.9685988
"V2292",37.09024
"V2293",42.6334247
"V2294",39.0457549
"V2295",38.9071923
"V2296",42.1292241
"V2297",41.8781136
"V2298",42.9572508
"V2299",38.8813958
"V2300",41.4925374
"V2301",43.8041334
"V2302",38.9071923
"V2303",34.3387802
"V2304",32.715738
"V2305",47.4741829
"V2306",29.7604267
"V2307",27.6648274
"V2308",32.6400541
"V2309",28.5383355
"V2310",39.011902
"V2311",41.2033216
"V2312",55.378051
"V2313",64.8377778
"V2314",34.9592083
"V2315",37.09024
"V2316",25.6866142
"V2317",35.714259
"V2318",39.9525839
"V2319",32.8493096
"V2320",39.0457549
"V2321",39.0997265
"V2322",47.6587802
"V2323",33.7489954
"V2324",41.7798226
"V2325",34.0522342
"V2326",37.09024
"V2327",41.9983294
"V2328",33.4483771
"V2329",44.977753
"V2330",37.09024
"V2331",33.4094657
"V2332",36.2942722
"V2333",42.7006303
"V2334",4.570868
"V2335",40.7127753
"V2336",38.9071923
"V2337",32.8323225
"V2338",40.4172871
"V2339",32.3182314
"V2340",39.9625984
"V2341",39.4142688
"V2342",41.6005448
"V2343",32.3182314
"V2344",33.7700504
"V2345",42.110962
"V2346",36.146636
"V2347",33.706157
"V2348",40.7607793
"V2349",40.6668916
"V2350",5.13151
"V2351",40.463667
"V2352",36.693687
"V2353",35.4675602
"V2354",38.5779555
"V2355",40.7127753
"V2356",33.2098407
"V2357",-33.0153481
"V2358",15.783471
"V2359",56.130366
"V2360",45.253783
"V2361",40.7127753
"V2362",34.0007104
"V2363",41.6488226
"V2364",6.5243793
"V2365",42.4733688
"V2366",51.6465
"V2367",41.2033216
"V2368",32.7157305
"V2369",-41.1555281
"V2370",38.9906657
"V2371",34.7058323
"V2372",33.7489954
"V2373",35.3272928
"V2374",44.7893446
"V2375",37.0870821
"V2376",36.778261
"V2377",38.8462236
"V2378",40.7127753
"V2379",47.6062095
"V2380",29.7604267
"V2381",39.7392358
"V2382",40.463667
"V2383",39.0911161
"V2384",41.2033216
"V2385",41.2459149
"V2386",42.3016305
"V2387",51.5073509
"V2388",38.5815719
"V2389",52.0907374
"V2390",56.130366
"V2391",41.8781136
"V2392",33.0145673
"V2393",19.4326077
"V2394",51.7520209
"V2395",6.5243793
"V2396",44.3893556
"V2397",40.4406248
"V2398",40.6781784
"V2399",26.1224386
"V2400",40.7127753
"V2401",19.5429151
"V2402",38.7892801
"V2403",35.1495343
"V2404",43.6121087
"V2405",43.4897584
"V2406",37.7218132
"V2407",43.0730517
"V2408",43.7844397
"V2409",43.1938516
"V2410",43.0389025
"V2411",35.6894875
"V2412",45.8266432
"V2413",48.2081743
"V2414",35.5174913
"V2415",27.6648274
"V2416",41.949751
"V2417",40.5939636
"V2418",33.7489954
"V2419",39.5500507
"V2420",35.0853336
"V2421",44.3893556
"V2422",40.7572529
"V2423",51.253775
"V2424",43.5890452
"V2425",34.9592083
"V2426",45.1841122
"V2427",43.653226
"V2428",36.778261
"V2429",37.09024
"V2430",45.3281948
"V2431",41.7520146
"V2432",43.0730517
"V2433",34.0522342
"V2434",37.09024
"V2435",36.1626638
"V2436",39.8422093
"V2437",39.9611755
"V2438",33.4941704
"V2439",40.6331249
"V2440",39.9611755
"V2441",39.9567548
"V2442",45.4215296
"V2443",40.7607793
"V2444",37.09024
"V2445",38.2526647
"V2446",33.7489954
"V2447",41.1595005
"V2448",23.810332
"V2449",44.9428975
"V2450",45.253783
"V2451",39.9525839
"V2452",40.0583238
"V2453",43.0730517
"V2454",37.09024
"V2455",40.4172871
"V2456",44.2619309
"V2457",43.8243118
"V2458",34.0522342
"V2459",41.6639383
"V2460",39.8422093
"V2461",27.950575
"V2462",39.0839973
"V2463",34.2331373
"V2464",39.800011
"V2465",43.7844397
"V2466",38.9071923
"V2467",40.4172871
"V2468",38.984652
"V2469",40.724487
"V2470",19.0732236
"V2471",59.3293235
"V2472",38.8816208
"V2473",53.7608608
"V2474",45.5016889
"V2475",40.0583238
"V2476",41.2033216
"V2477",38.9071923
"V2478",42.542714
"V2479",37.5621968
"V2480",40.7830603
"V2481",7.873054
"V2482",40.7127753
"V2483",38.9536174
"V2484",34.2331373
"V2485",37.09024
"V2486",42.3600825
"V2487",37.09024
"V2488",38.8984804
"V2489",-22.4638195
"V2490",38.984652
"V2491",27.6648274
"V2492",44.422498
"V2493",47.2031566
"V2494",35.0073697
"V2495",42.0039178
"V2496",12.9715987
"V2497",31.9685988
"V2498",51.5073509
"V2499",43.5448048
"V2500",38.9071923
"V2501",39.0997265
"V2502",39.2461138
"V2503",32.715738
"V2504",43.653226
"V2505",37.7749295
"V2506",32.3182314
"V2507",34.0522342
"V2508",31.9685988
"V2509",36.1626638
"V2510",40.6781784
"V2511",25.7616798
"V2512",37.3382082
"V2513",40.7127753
"V2514",40.0583238
"V2515",40.7127753
"V2516",42.8864468
"V2517",40.7127753
"V2518",37.09024
"V2519",38.1380003
"V2520",32.4609764
"V2521",40.6953437
"V2522",37.387474
"V2523",39.8289369
"V2524",37.09024
"V2525",40.6747887
"V2526",37.09024
"V2527",52.205337
"V2528",38.5200504
"V2529",46.227638
"V2530",43.661471
"V2531",43.7844397
"V2532",42.3770029
"V2533",45.253783
"V2534",43.16103
"V2535",40.7127753
"V2536",42.4072107
"V2537",56.130366
"V2538",35.189443
"V2539",37.09024
"V2540",43.0789942
"V2541",41.6032207
"V2542",33.7748275
"V2543",41.2392227
"V2544",46.8796822
"V2545",-35.846407
"V2546",37.1630363
"V2547",29.7604267
"V2548",35.9798734
"V2549",32.8284847
"V2550",37.09024
"V2551",-35.675147
"V2552",39.074208
"V2553",33.7589188
"V2554",41.308274
"V2555",28.0836269
"V2556",41.9928724
"V2557",51.5073509
"V2558",18.0110768
"V2559",39.132015
"V2560",56.26392
"V2561",47.7510741
"V2562",30.097643
"V2563",38.8026097
"V2564",34.0522342
"V2565",12.0935729
"V2566",3.139003
"V2567",64.2008413
"V2568",49.69349
"V2569",40.910733
"V2570",35.6619685
"V2571",26.1224386
"V2572",32.7554883
"V2573",37.09024
"V2574",42.715494
"V2575",40.2671941
"V2576",35.4689984
"V2577",44.3148443
"V2578",37.09024
"V2579",37.2232316
"V2580",33.6594835
"V2581",27.6648274
"V2582",31.9685988
"V2583",33.6594835
"V2584",37.09024
"V2585",42.7875235
"V2586",27.7428134
"V2587",36.778261
"V2588",31.9685988
"V2589",37.09024
"V2590",38.9822282
"V2591",39.7253276
"V2592",40.7830603
"V2593",43.16103
"V2594",38.9071923
"V2595",47.6062095
"V2596",34.1140497
"V2597",37.09024
"V2598",53.544389
"V2599",31.9685988
"V2600",45.4186218
"V2601",37.7749295
"V2602",38.8791783
"V2603",33.4483771
"V2604",41.8781136
"V2605",39.0457549
"V2606",37.09024
"V2607",40.9172208
"V2608",47.6062095
"V2609",27.6648274
"V2610",37.09024
"V2611",37.09024
"V2612",34.2163937
"V2613",27.8428025
"V2614",44.3148443
"V2615",37.09024
"V2616",46.8138783
"V2617",51.253775
"V2618",34.0151366
"V2619",38.0405837
"V2620",51.537142
"V2621",34.61877
"V2622",44.3148443
"V2623",47.6147023
"V2624",39.0066993
"V2625",34.0489281
"V2626",43.661471
"V2627",47.6062095
"V2628",43.2557206
"V2629",47.76095
"V2630",35.9940329
"V2631",33.6594835
"V2632",31.9685988
"V2633",37.09024
"V2634",36.9685219
"V2635",43.0481221
"V2636",27.6648274
"V2637",44.7630567
"V2638",40.7127753
"V2639",39.0169509
"V2640",32.603865
"V2641",53.544389
"V2642",37.09024
"V2643",44.5645659
"V2644",31.9685988
"V2645",19.4326077
"V2646",5.5482904
"V2647",37.09024
"V2648",1.352083
"V2649",35.5174913
"V2650",44.9537029
"V2651",41.1399814
"V2652",43.9695148
"V2653",40.4406248
"V2654",26.1275862
"V2655",34.728002
"V2656",41.3163244
"V2657",37.09024
"V2658",44.9374831
"V2659",38.5449065
"V2660",42.2917069
"V2661",43.6187102
"V2662",39.0457549
"V2663",40.0583238
"V2664",37.2248982
"V2665",44.9374831
"V2666",33.4483771
"V2667",38.9071923
"V2668",35.7595731
"V2669",32.9210902
"V2670",18.220833
"V2671",37.9642529
"V2672",39.1434406
"V2673",37.09024
"V2674",51.5073509
"V2675",26.2034071
"V2676",40.4172871
"V2677",43.3623436
"V2678",37.09024
"V2679",42.4999942
"V2680",40.7281575
"V2681",27.6648274
"V2682",35.7795897
"V2683",42.4072107
"V2684",38.9071923
"V2685",38.9071923
"V2686",44.6487635
"V2687",37.09024
"V2688",37.8715926
"V2689",29.7604267
"V2690",34.3988838
"V2691",38.9071923
"V2692",38.9071923
"V2693",33.7489954
"V2694",41.2523634
"V2695",31.9685988
"V2696",36.8007413
"V2697",29.831134
"V2698",37.7749295
"V2699",36.778261
"V2700",40.7127753
"V2701",41.5933696
"V2702",33.7489954
"V2703",40.5947441
"V2704",44.3148443
"V2705",39.011902
"V2706",28.5383355
"V2707",39.4142688
"V2708",35.5174913
"V2709",38.9071923
"V2710",44.9635738
"V2711",55.953252
"V2712",44.3148443
"V2713",43.7764258
"V2714",43.6795314
"V2715",42.9011711
"V2716",43.2557206
"V2717",27.425129
"V2718",33.7489954
"V2719",40.4172871
"V2720",32.3909071
"V2721",61.2180556
"V2722",37.09024
"V2723",31.9685988
"V2724",37.09024
"V2725",35.0077519
"V2726",38.5449065
"V2727",52.3555177
"V2728",40.7282239
"V2729",51.253775
"V2730",44.0324787
"V2731",33.4483771
"V2732",35.7595731
"V2733",37.09024
"V2734",55.9589866
"V2735",32.1656221
"V2736",35.9606384
"V2737",38.5815719
"V2738",38.5815719
"V2739",24.7480292
"V2740",47.6062095
"V2741",42.3149367
"V2742",27.8617347
"V2743",43.5911679
"V2744",39.7392358
"V2745",35.9131996
"V2746",31.9685988
"V2747",43.5890452
"V2748",40.7127753
"V2749",42.3600825
"V2750",45.2617806
"V2751",42.3600825
"V2752",43.6187102
"V2753",45.4215296
"V2754",37.5407246
"V2755",33.556215
"V2756",42.4184296
"V2757",43.5448048
"V2758",43.653226
"V2759",39.9611755
"V2760",38.7521235
"V2761",50.4452112
"V2762",42.3600825
"V2763",36.778261
"V2764",40.0583238
"V2765",38.9071923
"V2766",37.7799273
"V2767",38.423734
"V2768",34.0522342
"V2769",40.7127753
"V2770",40.6314858
"V2771",35.7595731
"V2772",32.1656221
"V2773",43.653226
"V2774",34.1975048
"V2775",12.9667498
"V2776",42.3600825
"V2777",38.8816208
"V2778",43.6375818
"V2779",53.0003079
"V2780",37.8043637
"V2781",46.818188
"V2782",37.09024
"V2783",56.130366
"V2784",42.3600825
"V2785",40.7127753
"V2786",41.8781136
"V2787",40.4128551
"V2788",18.5204303
"V2789",53.9599651
"V2790",40.7127753
"V2791",36.778261
"V2792",35.9131996
"V2793",43.0962143
"V2794",37.09024
"V2795",38.9071923
"V2796",32.715738
"V2797",33.4151843
"V2798",53.544389
"V2799",44.9374831
"V2800",37.0965278
"V2801",35.7595731
"V2802",43.653226
"V2803",43.5448048
"V2804",35.9131996
"V2805",42.5847425
"V2806",43.5448048
"V2807",43.5448048
"V2808",40.7127753
"V2809",33.6845673
"V2810",38.9071923
"V2811",40.7756184
"V2812",35.9131996
"V2813",41.7203492
"V2814",39.6837226
"V2815",43.5448048
"V2816",41.8781136
"V2817",45.4215296
"V2818",43.2509279
"V2819",38.9071923
"V2820",43.653226
"V2821",29.7604267
"V2822",40.2731911
"V2823",20.653407
"V2824",40.8447819
"V2825",40.4406248
"V2826",42.3600825
"V2827",42.2625932
"V2828",44.801485
"V2829",52.132633
"V2830",55.953252
"V2831",33.8847361
"V2832",41.7055716
"V2833",40.7989473
"V2834",-1.2920659
"V2835",36.1699412
"V2836",36.204824
"V2837",62.4113634
"V2838",52.0406224
"V2839",35.7686517
"V2840",37.09024
"V2841",44.4716525
"V2842",44.6082465
"V2843",42.365854
"V2844",40.7127753
"V2845",43.653226
"V2846",37.9100783
"V2847",40.3025907
"V2848",-25.7478676
"V2849",38.8338816
"V2850",44.3893556
"V2851",-25.274398
"V2852",38.9071923
"V2853",28.5383355
"V2854",51.253775
"V2855",-33.9248685
"V2856",51.3491996
"V2857",55.378051
"V2858",-25.274398
"V2859",37.2707022
"V2860",37.775454
"V2861",29.7604267
"V2862",28.413638
"V2863",51.5073509
"V2864",33.7748275
"V2865",40.6331249
"V2866",49.895136
"V2867",32.3199396
"V2868",38.9071923
"V2869",62.2786475
"V2870",37.09024
"V2871",28.394857
"V2872",37.7749295
"V2873",36.1699412
"V2874",38.9517053
"V2875",53.9332706
"V2876",41.8781136
"V2877",41.8096201
"V2878",41.58551
"V2879",43.5944677
"V2880",38.9175519
"V2881",34.0489281
"V2882",44.3148443
"V2883",53.544389
"V2884",41.8781136
"V2885",42.4072107
"V2886",37.7749295
"V2887",34.0522342
"V2888",37.5407246
"V2889",44.5836295
"V2890",39.0997265
"V2891",38.8813958
"V2892",44.3148443
"V2893",41.8919353
"V2894",41.6005448
"V2895",37.09024
"V2896",36.778261
"V2897",43.1435564
"V2898",43.653226
"V2899",30.3321838
"V2900",38.9071923
"V2901",32.2987573
"V2902",42.6525793
"V2903",40.7933949
"V2904",44.3893556
"V2905",49.4091042
"V2906",41.8781136
"V2907",37.568694
"V2908",31.9685988
"V2909",33.4483771
"V2910",40.0583238
"V2911",43.7844397
"V2912",40.2677539
"V2913",44.4654332
"V2914",32.7766642
"V2915",41.8397865
"V2916",43.653226
"V2917",33.4151843
"V2918",18.109581
"V2919",40.6214551
"V2920",40.4167754
"V2921",40.7607793
"V2922",38.9071923
"V2923",39.7392358
"V2924",39.1836082
"V2925",37.9922399
"V2926",27.2730492
"V2927",35.1982836
"V2928",34.1808392
"V2929",40.9256538
"V2930",44.3893556
"V2931",44.3893556
"V2932",-35.2809368
"V2933",53.544389
"V2934",47.516231
"V2935",40.7127753
"V2936",36.1023715
"V2937",39.2903848
"V2938",46.0645809
"V2939",33.5311541
"V2940",40.615537
"V2941",23.634501
"V2942",28.5919506
"V2943",43.0166806
"V2944",42.3600825
"V2945",37.09024
"V2946",30.267153
"V2947",38.8591667
"V2948",56.8147355
"V2949",46.729553
"V2950",30.0363105
"V2951",40.7127753
"V2952",42.3600825
"V2953",33.5969248
"V2954",40.7127753
"V2955",39.5500507
"V2956",38.9784453
"V2957",35.9131996
"V2958",12.4317585
"V2959",40.7127753
"V2960",37.3860517
"V2961",40.7127753
"V2962",47.6654393
"V2963",22.979771
"V2964",40.8093788
"V2965",38.9071923
"V2966",38.0293059
"V2967",36.1023715
"V2968",42.9783944
"V2969",7.369722
"V2970",38.5815719
"V2971",43.0730517
"V2972",39.0169509
"V2973",42.2011538
"V2974",41.1543623
"V2975",41.5236437
"V2976",50.3463355
"V2977",41.04422
"V2978",37.7527982
"V2979",30.4142478
"V2980",37.09024
"V2981",41.127833
"V2982",41.8781136
"V2983",49.7702994
"V2984",41.8781136
"V2985",39.9525839
"V2986",38.8048355
"V2987",42.1945758
"V2988",39.2903848
"V2989",30.627977
"V2990",39.7392358
"V2991",41.8781136
"V2992",41.6005448
"V2993",42.2528649
"V2994",40.2653681
"V2995",40.6993303
"V2996",35.7273509
"V2997",41.8781136
"V2998",39.3209801
"V2999",47.6062095
"V21000",38.9071923
"V21001",37.09024
"V21002",53.9332706
"V21003",43.653226
"V21004",46.729553
"V21005",38.0293059
"V21006",39.2903848
"V21007",40.8257625
"V21008",38.9071923
"V21009",45.5230622
"V21010",32.7554883
"V21011",42.9849233
"V21012",54.5259614
"V21013",41.3392232
"V21014",41.8780025
"V21015",39.5296329
"V21016",39.0839973
"V21017",47.6062095
"V21018",10.6705468
"V21019",41.8781136
"V21020",33.836081
"V21021",42.9633599
"V21022",29.6516344
"V21023",37.09024
"V21024",-38.358256
"V21025",43.450301
"V21026",39.7817213
"V21027",-34.45
"V21028",43.0389025
"V21029",42.8336205
"V21030",43.0389025
"V21031",44.3893556
"V21032",42.9849233
"V21033",52.0406224
"V21034",41.3850639
"V21035",41.1115472
"V21036",41.8781136
"V21037",-25.274398
"V21038",41.1579438
"V21039",-37.8136276
"V21040",-25.274398
"V21041",53.1423672
"V21042",41.8781136
"V21043",34.2331373
"V21044",34.2331373
"V21045",43.3616211
"V21046",34.0522342
"V21047",46.5180824
"V21048",40.4172871
"V21049",40.0149856
"V21050",37.09024
"V21051",39.4142688
"V21052",33.7489954
"V21053",36.5692952
"V21054",-25.274398
"V21055",41.2033216
"V21056",51.5073509
"V21057",42.4607319
"V21058",38.253749
"V21059",37.09024
"V21060",29.4241219
"V21061",35.20105
"V21062",32.7562463
"V21063",39.011902
"V21064",53.496115
"V21065",40.7127753
"V21066",29.7604267
"V21067",40.1164204
"V21068",40.7127753
"V21069",29.7604267
"V21070",40.7607793
"V21071",35.108493
"V21072",39.6417629
"V21073",43.2557206
"V21074",55.070859
"V21075",48.8460926
"V21076",37.09024
"V21077",34.0522342
"V21078",37.09024
"V21079",29.5074538
"V21080",40.7607793
"V21081",46.729553
"V21082",46.729553
"V21083",40.96342
"V21084",40.7598227
"V21085",45.4215296
"V21086",44.9211836
"V21087",28.182893
"V21088",41.7317884
"V21089",35.9606384
"V21090",39.2903848
"V21091",40.7127753
"V21092",41.4925374
"V21093",41.308274
"V21094",36.778261
"V21095",39.0997265
"V21096",42.3600825
"V21097",37.09024
"V21098",47.6062095
"V21099",40.7127753
"V21100",38.4852928
"V21101",38.9071923
"V21102",34.0760558
"V21103",40.7127753
"V21104",43.653226
"V21105",37.8393332
"V21106",44.3893556
"V21107",43.1314966
"V21108",37.09024
"V21109",42.1014831
"V21110",37.2283843
"V21111",40.4862157
"V21112",38.9071923
"V21113",42.976935
"V21114",34.6059253
"V21115",30.4857326
"V21116",43.9695148
"V21117",33.7489954
"V21118",39.9525839
"V21119",31.7618778
"V21120",23.634501
"V21121",36.0726354
"V21122",47.6062095
"V21123",39.9525839
"V21124",30.267153
"V21125",40.5795317
"V21126",39.5297824
"V21127",43.7844397
"V21128",29.7604267
"V21129",47.7510741
"V21130",40.0583238
"V21131",48.954408
"V21132",44.6487635
"V21133",45.6299647
"V21134",37.09024
"V21135",44.3148443
"V21136",45.3349046
"V21137",36.0678324
"V21138",34.0522342
"V21139",29.7385174
"V21140",47.6062095
"V21141",41.7435073
"V21142",37.0870821
"V21143",37.09024
"V21144",44.977753
"V21145",33.5967091
"V21146",45.6502392
"V21147",40.7127753
"V21148",35.20105
"V21149",40.7127753
"V21150",43.7844397
"V21151",39.1031182
"V21152",43.653226
"V21153",40.4172871
"V21154",39.0997265
"V21155",27.9202202
"V21156",54.5259614
"V21157",40.4406248
"V21158",46.818188
"V21159",40.0583238
"V21160",37.4315734
"V21161",-25.274398
"V21162",34.0522342
"V21163",44.3893556
"V21164",43.3255196
"V21165",43.653226
"V21166",41.6262707
"V21167",43.9593373
"V21168",39.0997265
"V21169",29.6516344
"V21170",40.6331249
"V21171",39.9611755
"V21172",26.8233946
"V21173",34.0522342
"V21174",36.1699412
"V21175",40.7127753
"V21176",43.0730517
"V21177",35.0853336
"V21178",44.2642998
"V21179",38.9071923
"V21180",40.8893895
"V21181",37.8043637
"V21182",35.2225668
"V21183",35.463494
"V21184",36.082156
"V21185",38.4192496
"V21186",30.9842977
"V21187",37.09024
"V21188",36.778261
"V21189",39.9525839
"V21190",56.130366
"V21191",43.432922
"V21192",40.4862157
"V21193",27.6648274
"V21194",40.4406248
"V21195",36.778261
"V21196",37.09024
"V21197",39.6072215
"V21198",51.6861249
"V21199",38.8375215
"V21200",38.9071923
"V21201",37.5407246
"V21202",44.9537029
"V21203",43.4113604
"V21204",37.09024
"V21205",24.7135517
"V21206",38.5815719
"V21207",39.0997265
"V21208",47.6248791
"V21209",43.653226
"V21210",34.0522342
"V21211",44.977753
"V21212",38.9071923
"V21213",40.4172871
"V21214",33.7489954
"V21215",36.7212737
"V21216",42.7794417
"V21217",33.223191
"V21218",41.8781136
"V21219",42.0333607
"V21220",27.950575
"V21221",40.2671941
"V21222",43.1938516
"V21223",37.09024
"V21224",41.8781136
"V21225",43.4113604
"V21226",39.957902
"V21227",35.0456297
"V21228",41.87194
"V21229",-37.8136276
"V21230",55.9572641
"V21231",27.6648274
"V21232",37.09024
"V21233",32.6631537
"V21234",39.9525839
"V21235",38.6270025
"V21236",44.3893556
"V21237",34.0522342
"V21238",34.0522342
"V21239",39.7392358
"V21240",33.4255104
"V21241",41.9304373
"V21242",45.487062
"V21243",37.8271784
"V21244",32.7766642
"V21245",47.6062095
"V21246",40.7127753
"V21247",31.9685988
"V21248",34.0522342
"V21249",51.4925144
"V21250",51.4925144
"V21251",51.485093
"V21252",41.8781136
"V21253",36.146636
"V21254",28.6139391
"V21255",38.9822282
"V21256",40.7434064
"V21257",34.0522342
"V21258",35.1495343
"V21259",42.3600825
"V21260",35.20105
"V21261",33.5206608
"V21262",31.2303904
"V21263",49.9473663
"V21264",33.7174708
"V21265",30.267153
"V21266",35.7595731
"V21267",35.2270869
"V21268",42.9572074
"V21269",42.3600825
"V21270",38.7305685
"V21271",38.5200504
"V21272",40.9263957
"V21273",41.308274
"V21274",38.6262579
"V21275",34.0522342
"V21276",33.2856687
"V21277",30.267153
"V21278",27.993685
"V21279",29.7604267
"V21280",41.6717648
"V21281",40.7607793
"V21282",46.729553
"V21283",34.0522342
"V21284",31.9685988
"V21285",43.0389025
"V21286",32.3546679
"V21287",37.7749295
"V21288",35.7595731
"V21289",29.4241219
"V21290",32.715738
"V21291",37.8393332
"V21292",39.8027644
"V21293",42.4999942
"V21294",42.4999942
"V21295",36.778261
"V21296",30.9842977
"V21297",43.653226
"V21298",-33.4488897
"V21299",42.9317335
"V21300",40.7127753
"V21301",43.8041334
"V21302",47.4875361
"V21303",35.6894875
"V21304",48.0400945
"V21305",37.09024
"V21306",44.977753
"V21307",41.4819932
"V21308",44.6365812
"V21309",43.5445959
"V21310",36.0726354
"V21311",27.950575
"V21312",45.4646985
"V21313",40.8447819
